{
    "n_filters_1": 43.9852838031156,
    "n_filters_2": 124.84571561023463,
    "n_filters_3": 221.69522455185984,
    "dense_units_1": 357.88485793166205,
    "dense_units_2": 93.95557896494782,
    "dropout_rate": 0.16239780813448107,
    "learning_rate": 0.0006750277604651748,
    "batch_size": 57.57645499719689
}